eventDate,CONML,CONM,With_Twitter_account,twitter_acc_company_name,twitter_account_name,code
28/4/17,Banco Santander Mexico SA,BANCO SANTANDER MEXICO -ADR,Yes,Santander Mxico,@SantanderMx,13576
24/1/17,3M Co,3M CO,Yes,3M,@3M,22592
13/2/14,3M Co,3M CO,Yes,3M,@3M,22592
15/7/15,AAR Corp,AAR CORP,Yes,AAR Corp,@AARCORP,54594
9/2/16,ABAXIS Inc,ABAXIS INC,Yes,Abaxis,@AbaxisVetScan,77279
28/5/14,ABIOMED Inc,ABIOMED INC,Yes,Abiomed,@abiomedimpella,75107
7/11/13,Acacia Research Corp,ACACIA RESEARCH CORP,Yes,Acacia Research Corp,@Acacia_Research,89611
29/10/13,Accenture PLC,ACCENTURE PLC,Yes,Accenture,@Accenture,89071
10/11/16,Adaptimmune Therapeutics plc,ADAPTIMMUNE THERAPEUTICS,Yes,Adaptimmune,@Adaptimmune,15361
6/4/15,Adaptimmune Therapeutics plc,ADAPTIMMUNE THERAPEUTICS,Yes,Adaptimmune,@Adaptimmune,15361
2/11/17,Adient Plc,ADIENT PLC,Yes,Adient,@Adient,16342
29/11/16,Adient Plc,ADIENT PLC,Yes,Adient,@Adient,16342
27/2/14,ADTRAN Inc,ADTRAN INC,Yes,ADTRAN,@ADTRAN,80791
29/11/16,Advanced Drainage Systems In,ADVANCED DRAINAGE SYSTEMS,Yes,"ADS, Inc.",@ADS__Inc,14759
15/9/16,Advanced Drainage Systems In,ADVANCED DRAINAGE SYSTEMS,Yes,"ADS, Inc.",@ADS__Inc,14759
30/6/15,Advanced Drainage Systems In,ADVANCED DRAINAGE SYSTEMS,Yes,"ADS, Inc.",@ADS__Inc,14759
18/3/14,Advanced Emissions Solutions,ADVANCED EMISSIONS SOLUTION,Yes,"ADA-ES, Inc.",@ADAESInc,90400
3/3/14,Advanced Energy Industries I,ADVANCED ENERGY INDS INC,Yes,Advanced Energy,@AdvEnergy,82547
11/3/16,Advisory Board Company (The),ADVISORY BOARD CO,Yes,Advisory Board,@AdvisoryBd,89203
10/2/14,Advisory Board Company (The),ADVISORY BOARD CO,Yes,Advisory Board,@AdvisoryBd,89203
30/5/13,Advisory Board Company (The),ADVISORY BOARD CO,Yes,Advisory Board,@AdvisoryBd,89203
9/8/13,Advisory Board Company (The),ADVISORY BOARD CO,Yes,Advisory Board,@AdvisoryBd,89203
1/2/16,Aerojet Rocketdyne Holdings,AEROJET ROCKETDYNE HOLDINGS,Yes,Aerojet Rocketdyne,@AerojetRdyne,20765
30/1/15,Aerojet Rocketdyne Holdings,AEROJET ROCKETDYNE HOLDINGS,Yes,Aerojet Rocketdyne,@AerojetRdyne,20765
10/10/14,Aerojet Rocketdyne Holdings,AEROJET ROCKETDYNE HOLDINGS,Yes,Aerojet Rocketdyne,@AerojetRdyne,20765
1/7/15,AeroVironment Inc,AEROVIRONMENT INC,Yes,AeroVironment,@aerovironment,91733
26/2/14,AES Corporation (The),AES CORP,Yes,The AES Corporation,@TheAESCorp,76712
21/12/15,Agilent Technologies Inc,AGILENT TECHNOLOGIES INC,Yes,Agilent Technologies,@Agilent,87432
6/3/13,Agilent Technologies Inc,AGILENT TECHNOLOGIES INC,Yes,Agilent Technologies,@Agilent,87432
2/8/13,Agilysys Inc,AGILYSYS INC,Yes,Agilysys Inc.,@agilysys,63125
3/11/16,Air Methods Corp,AIR METHODS CORP,Yes,Air Methods,@AirMethodsCorp,11641
26/2/16,Air Methods Corp,AIR METHODS CORP,Yes,Air Methods,@AirMethodsCorp,11641
12/11/13,Akamai Technologies Inc,AKAMAI TECHNOLOGIES INC,Yes,Akamai Technologies,@Akamai,87299
9/8/13,Akamai Technologies Inc,AKAMAI TECHNOLOGIES INC,Yes,Akamai Technologies,@Akamai,87299
14/3/16,Akebia Therapeutics Inc,AKEBIA THERAPEUTICS INC,Yes,Akebia Therapeutics,@akebiatx,14531
14/11/17,Akoustis Technologies Inc,AKOUSTIS TECHNOLOGIES INC,Yes,"Akoustis, Inc.",@AkoustisInc,16625
29/2/16,Alarm.com Holdings Inc,ALARM.COM HOLDINGS INC,Yes,Alarm.com,@AlarmDotCom,15409
20/2/14,Alaska Communications System,ALASKA COMMUNICATIONS SYS G,Yes,Alaska Communication,@AlaskaComm,87373
27/2/15,Albany International Corp.,ALBANY INTL CORP  -CL A,Yes,Albany International,@albint_corp,11731
11/8/14,Albany Molecular Research In,ALBANY MOLECULAR RESH INC,Yes,AMRI,@amriglobal,86709
15/3/17,Alcoa Corp,ALCOA CORP,Yes,Alcoa,@Alcoa,16347
1/12/16,Alcoa Corp,ALCOA CORP,Yes,Alcoa,@Alcoa,16347
5/5/16,Alico Inc,ALICO INC,Yes,"Alico, Inc.",@AlicoInc,11790
30/7/14,Allegion Plc,ALLEGION PLC,Yes,Allegion,@AllegionPlc,14297
30/4/14,Allegion Plc,ALLEGION PLC,Yes,Allegion,@AllegionPlc,14297
11/5/15,Allergan PLC,ALLERGAN PLC,Yes,Allergan plc,@Allergan,78916
29/4/16,Alliance HealthCare Services,ALLIANCE HEALTHCARE SVCS IN,Yes,Alliance HealthCare,@AIQ,89048
26/10/16,AllianceBernstein Holding LP,ALLIANCEBERNSTEIN HOLDING L,Yes,AllianceBernstein (A,@AB_insights,75278
13/3/17,Allied Motion Technologies I,ALLIED MOTION TECHNOLOGIES,Yes,Allied Motion,@alliedmotion1,41188
26/4/16,Allison Transmission Holding,ALLISON TRANSMISSION HLDGS,Yes,Allison Transmission,@AllisonTrans,13284
10/5/16,Alpha and Omega Semiconducto,ALPHA AND OMEGA SEMICONDUCT,Yes,Alpha and Omega Semi,@AlphaOmega_Semi,93340
3/11/16,Alphabet Inc,ALPHABET INC,Yes,Alphabet Inc,@Alphabetlnc,90319
29/10/15,Alphabet Inc,ALPHABET INC,Yes,Alphabet Inc,@Alphabetlnc,90319
24/2/17,Alteryx Inc,ALTERYX INC,Yes,Alteryx,@alteryx,16597
29/7/14,Altisource Portfolio Solutio,ALTISOURCE PORTFOLIO SOLTNS,Yes,Altisource,@Altisource,92981
11/12/17,Amedica Corp,AMEDICA CORP,Yes,Amedica,@AmedicaCorp,14444
19/4/17,Amedica Corp,AMEDICA CORP,Yes,Amedica,@AmedicaCorp,14444
2/3/17,Ameresco Inc,AMERESCO INC,Yes,"Ameresco, Inc.",@Ameresco,10158
17/3/14,Ameresco Inc,AMERESCO INC,Yes,"Ameresco, Inc.",@Ameresco,10158
28/2/13,Ameresco Inc,AMERESCO INC,Yes,"Ameresco, Inc.",@Ameresco,10158
23/2/15,American Axle & Manufacturin,AMERICAN AXLE & MFG HOLDING,Yes,AAM,@AmericanAxle,86547
3/3/14,American Equity Investment L,AMERICAN EQTY INVT LIFE HLD,Yes,American Equity,@AmericanEquity,89946
7/3/13,American Equity Investment L,AMERICAN EQTY INVT LIFE HLD,Yes,American Equity,@AmericanEquity,89946
26/7/16,American Express Co,AMERICAN EXPRESS CO,Yes,American Express,@AmericanExpress,59176
24/2/15,American Express Co,AMERICAN EXPRESS CO,Yes,American Express,@AmericanExpress,59176
29/4/15,American Express Co,AMERICAN EXPRESS CO,Yes,American Express,@AmericanExpress,59176
22/2/13,American Express Co,AMERICAN EXPRESS CO,Yes,American Express,@AmericanExpress,59176
3/11/14,American International Group,AMERICAN INTERNATIONAL GROU,Yes,AIG,@AIGinsurance,66800
7/3/16,American Midstream Partners,AMERICAN MIDSTREAM PTNRS LP,Yes,American Midstream,@AMIDCareers,12892
12/5/14,American Midstream Partners,AMERICAN MIDSTREAM PTNRS LP,Yes,American Midstream,@AMIDCareers,12892
26/11/14,Amerigas Partners LP,AMERIGAS PARTNERS  -LP,Yes,AmeriGas Propane,@AmeriGas,81521
23/2/17,Ameriprise Financial Inc,AMERIPRISE FINANCIAL INC,Yes,Ameriprise Financial,@ameriprise,90880
22/11/16,AmerisourceBergen Corp,AMERISOURCEBERGEN CORP,Yes,AmerisourceBergen,@Healthcare_ABC,81540
1/8/16,Amkor Technology Inc,AMKOR TECHNOLOGY INC,Yes,Amkor Technology,@AmkorTechnology,86047
8/8/14,Ampio Pharmaceuticals Inc,AMPIO PHARMACEUTICALS INC,Yes,Ampio Pharmaceutical,@AmpioPharmaInc,12789
29/3/16,Ampliphi Biosciences Corp,AMPLIPHI BIOSCIENCES CORP,Yes,AmpliPhi Biosciences,@AmpliPhiBio,80577
9/3/15,Ampliphi Biosciences Corp,AMPLIPHI BIOSCIENCES CORP,Yes,AmpliPhi Biosciences,@AmpliPhiBio,80577
15/8/14,Ampliphi Biosciences Corp,AMPLIPHI BIOSCIENCES CORP,Yes,AmpliPhi Biosciences,@AmpliPhiBio,80577
31/3/14,Ampliphi Biosciences Corp,AMPLIPHI BIOSCIENCES CORP,Yes,AmpliPhi Biosciences,@AmpliPhiBio,80577
4/2/14,Ampliphi Biosciences Corp,AMPLIPHI BIOSCIENCES CORP,Yes,AmpliPhi Biosciences,@AmpliPhiBio,80577
27/2/17,AmTrust Financial Services I,AMTRUST FINANCIAL SERVICES,Yes,AmTrust Insurance,@AmTrustInsured,91603
10/5/16,AmTrust Financial Services I,AMTRUST FINANCIAL SERVICES,Yes,AmTrust Insurance,@AmTrustInsured,91603
3/3/14,AmTrust Financial Services I,AMTRUST FINANCIAL SERVICES,Yes,AmTrust Insurance,@AmTrustInsured,91603
29/10/13,Anaren Inc,ANAREN INC,Yes,"Anaren, A TTM Techno",@AnarenInc,14227
29/12/15,Anavex Life Sciences Corp,ANAVEX LIFE SCIENCES CORP,Yes,Anavex Life Sciences,@AnavexLifeSci,15776
1/8/16,AngioDynamics Inc,ANGIODYNAMICS INC,Yes,"AngioDynamics, Inc.",@angiodynamics,90179
9/10/14,AngioDynamics Inc,ANGIODYNAMICS INC,Yes,"AngioDynamics, Inc.",@angiodynamics,90179
14/8/14,AngioDynamics Inc,ANGIODYNAMICS INC,Yes,"AngioDynamics, Inc.",@angiodynamics,90179
14/3/14,Ann Inc,ANN INC,Yes,Ann Taylor,@AnnTaylor,76671
8/3/13,Ann Inc,ANN INC,Yes,Ann Taylor,@AnnTaylor,76671
10/2/17,Aon plc,AON PLC,Yes,Aon,@Aon_plc,61735
24/2/17,Apache Corp,APACHE CORP,Yes,Apache Corporation,@ApacheCorp,39490
20/12/17,Apellis Pharmaceuticals Inc,APELLIS PHARMACEUTICALS,Yes,Apellis Pharma,@ApellisPharma,17104
10/2/15,API Technologies Corp,API TECHNOLOGIES CORP,Yes,API Technologies,@apitechnologies,12881
12/2/14,API Technologies Corp,API TECHNOLOGIES CORP,Yes,API Technologies,@apitechnologies,12881
7/11/17,Applied Genetic Technologies,APPLIED GENETIC TECHNOLOGIE,Yes,AGTC,@AGTC_,14528
2/8/17,AptarGroup Inc.,APTARGROUP INC,Yes,Aptar,@aptar,79133
27/2/17,AptarGroup Inc.,APTARGROUP INC,Yes,Aptar,@aptar,79133
5/11/15,AptarGroup Inc.,APTARGROUP INC,Yes,Aptar,@aptar,79133
12/3/15,Aratana Therapeutics Inc,ARATANA THERAPEUTICS,Yes,Aratana Therapeutics,@AratanaRx,13966
26/2/16,Arbor Realty Trust Inc.,ARBOR REALTY TRUST INC,Yes,Arbor Realty Trust,@arbor1,90102
5/5/17,ARC Document Solutions Inc,ARC DOCUMENT SOLUTIONS INC,Yes,ARC Doc. Solutions,@ARCDocSolutions,90548
14/5/15,Arista Networks Inc,ARISTA NETWORKS INC,Yes,Arista Networks,@AristaNetworks,14714
31/3/14,Arista Networks Inc,ARISTA NETWORKS INC,Yes,Arista Networks,@AristaNetworks,14714
31/7/15,Arthur J. Gallagher & Co.,ARTHUR J GALLAGHER & CO,Yes,Gallagher,@GallagherGlobal,38093
21/11/16,Ashland Global Holdings Inc,ASHLAND GLOBAL HOLDINGS INC,Yes,Ashland,@AshlandInc,24272
16/3/15,Assembly Biosciences Inc,ASSEMBLY BIOSCIENCES INC,Yes,Asssembly Bioscience,@AssemblyBio,12497
15/5/15,Astea International Inc,ASTEA INTERNATIONAL INC,Yes,Astea International,@AsteaService,81850
29/2/16,Astec Industries Inc.,ASTEC INDUSTRIES INC,Yes,Astec Industries,@astecindustries,10382
22/10/13,Astec Industries Inc.,ASTEC INDUSTRIES INC,Yes,Astec Industries,@astecindustries,10382
7/8/17,Atlas Financial Holdings Inc,ATLAS FINANCIAL HOLDINGS IN,Yes,Atlas Financial,@AtlasFin,13789
10/11/14,Atlas Financial Holdings Inc,ATLAS FINANCIAL HOLDINGS IN,Yes,Atlas Financial,@AtlasFin,13789
14/11/16,Atmos Energy Corp,ATMOS ENERGY CORP,Yes,Atmos Energy,@atmosenergy,32986
21/3/17,Atossa Genetics Inc,ATOSSA GENETICS INC,Yes,Atossa Genetics,@AtossaGenetics,13693
19/11/15,Autodesk Inc.,AUTODESK INC,Yes,Autodesk,@autodesk,85631
1/4/16,Avangrid Inc,AVANGRID INC,Yes,AVANGRID,@AVANGRID,15859
11/3/13,AVEO Pharmaceuticals Inc,AVEO PHARMACEUTICALS INC,Yes,AVEO Oncology,@AVEOoncology,93301
1/11/16,Avery Dennison Corp,AVERY DENNISON CORP,Yes,Avery Dennison,@AveryDennison,44601
3/11/15,Avery Dennison Corp,AVERY DENNISON CORP,Yes,Avery Dennison,@AveryDennison,44601
31/7/14,Avery Dennison Corp,AVERY DENNISON CORP,Yes,Avery Dennison,@AveryDennison,44601
10/2/16,Aviat Networks Inc,AVIAT NETWORKS INC,Yes,Aviat Networks,@AviatNetworks,91836
1/10/15,Aviat Networks Inc,AVIAT NETWORKS INC,Yes,Aviat Networks,@AviatNetworks,91836
13/5/15,Aviat Networks Inc,AVIAT NETWORKS INC,Yes,Aviat Networks,@AviatNetworks,91836
19/3/13,Avid Technology Inc.,AVID TECHNOLOGY INC,Yes,Avid,@Avid,78955
26/2/13,Avista Corp,AVISTA CORP,Yes,Avista Utilities,@AvistaUtilities,24969
25/3/13,Aviva PLC,AVIVA PLC,Yes,Aviva plc,@avivaplc,93053
4/5/17,Avon Products Inc.,AVON PRODUCTS,Yes,Avon,@AvonInsider,40416
30/4/15,Avon Products Inc.,AVON PRODUCTS,Yes,Avon,@AvonInsider,40416
1/5/14,Avon Products Inc.,AVON PRODUCTS,Yes,Avon,@AvonInsider,40416
3/8/17,Axalta Coating Systems Ltd,AXALTA COATING SYSTEMS LTD,Yes,Axalta,@Axalta,15053
14/10/14,Axalta Coating Systems Ltd,AXALTA COATING SYSTEMS LTD,Yes,Axalta,@Axalta,15053
2/8/16,Axcelis Technologies Inc.,AXCELIS TECHNOLOGIES INC,Yes,Axcelis Technologies,@AxcelisNews,88417
8/5/14,Axiall Corp,AXIALL CORP,Yes,Westlake Chemical,@WESTLAKECHEM,75222
28/2/14,Axiall Corp,AXIALL CORP,Yes,Westlake Chemical,@WESTLAKECHEM,75222
6/6/16,Axovant Sciences Ltd,AXOVANT SCIENCES LTD,Yes,Axovant Sciences,@axovant,15486
16/6/16,AzurRx BioPharma Inc,AZURRX BIOPHARMA INC,Yes,AzurRx BioPharma,@azurrx,16377
2/3/17,Ball Corp,BALL CORP,Yes,Ball Corporation,@BallCorpHQ,57568
11/8/14,Ball Corp,BALL CORP,Yes,Ball Corporation,@BallCorpHQ,57568
16/3/15,Bancorp Inc (The),BANCORP INC,Yes,The Bancorp,@thebancorp,90490
30/10/15,Bank of America Corp,BANK OF AMERICA CORP,Yes,Bank of America,@BankofAmerica,59408
27/2/17,Bank of Hawaii Corp,BANK OF HAWAII CORP,Yes,Bank of Hawaii,@BankofHawaii,16548
7/8/15,Bankrate Inc,BANKRATE INC,Yes,Bankrate,@Bankrate,12835
15/9/14,Bankrate Inc,BANKRATE INC,Yes,Bankrate,@Bankrate,12835
25/6/13,Barnes & Noble Inc,BARNES & NOBLE INC,Yes,Barnes & Noble,@BNBuzz,79667
26/2/15,Baxter International Inc,BAXTER INTERNATIONAL INC,Yes,Baxter International,@baxter_intl,27887
25/6/15,Bazaarvoice Inc,BAZAARVOICE INC,Yes,Bazaarvoice,@Bazaarvoice,13261
27/10/17,BB&T Corp,BB&T CORP,Yes,BB&T,@BBT,71563
8/8/13,Beam Inc,BEAM INC,Yes,Beam Suntory,@beamsuntory,10225
2/2/17,"Becton, Dickinson and Co",BECTON DICKINSON & CO,Yes,BD,@BDandCo,39642
9/5/17,Belmond Ltd,BELMOND LTD,Yes,Belmond,@belmond,88495
26/2/13,Belmond Ltd,BELMOND LTD,Yes,Belmond,@belmond,88495
22/10/15,Benchmark Electronics Inc,BENCHMARK ELECTRONICS INC,Yes,BenchmarkElectronics,@BenchElec,76224
6/3/14,Benefitfocus Inc,BENEFITFOCUS INC,Yes,Benefitfocus,@Benefitfocus,14149
18/3/13,Berkshire Hills Bancorp Inc,BERKSHIRE HILLS BANCORP INC,Yes,Berkshire Bank,@BerkshireBank,88280
9/11/15,BioAmber Inc,BIOAMBER INC,Yes,BioAmber Inc.,@BioAmber,13977
28/3/14,BioAmber Inc,BIOAMBER INC,Yes,BioAmber Inc.,@BioAmber,13977
14/8/13,Bioanalytical Systems Inc,BIOANALYTICAL SYSTEMS INC,Yes,BASi,@BASi_news,85526
8/5/14,Bio-Rad Laboratories Inc.,BIO-RAD LABORATORIES INC,Yes,Bio-Rad Life Science,@BioRadLifeSci,61516
7/11/14,Bio-Rad Laboratories Inc.,BIO-RAD LABORATORIES INC,Yes,Bio-Rad Life Science,@BioRadLifeSci,61516
12/11/13,Bio-Rad Laboratories Inc.,BIO-RAD LABORATORIES INC,Yes,Bio-Rad Life Science,@BioRadLifeSci,61516
10/5/13,Bio-Rad Laboratories Inc.,BIO-RAD LABORATORIES INC,Yes,Bio-Rad Life Science,@BioRadLifeSci,61516
5/5/17,Black Hills Corp,BLACK HILLS CORP,Yes,Black Hills Corp.,@blackhillscorp,61946
4/8/15,Black Hills Corp,BLACK HILLS CORP,Yes,Black Hills Corp.,@blackhillscorp,61946
17/3/14,Blackhawk Network Holdings I,BLACKHAWK NETWORK HLDGS INC,Yes,Blackhawk Network,@Blackhawk,13875
6/3/17,BlackRock Energy and Resourc,BLACKROCK ENERGY AND RES TR,Yes,BlackRock,@blackrock,90495
2/9/16,BlackRock Energy and Resourc,BLACKROCK ENERGY AND RES TR,Yes,BlackRock,@blackrock,90495
6/3/17,BlackRock Enhanced Capital a,BLACKROCK ENHANCED CAP & IN,Yes,BlackRock,@blackrock,90103
2/9/16,BlackRock Enhanced Capital a,BLACKROCK ENHANCED CAP & IN,Yes,BlackRock,@blackrock,90103
6/3/17,BlackRock Enhanced Equity Di,BLACKROCK ENHNCD EQTY DIV T,Yes,BlackRock,@blackrock,90827
2/9/16,BlackRock Enhanced Equity Di,BLACKROCK ENHNCD EQTY DIV T,Yes,BlackRock,@blackrock,90827
6/3/17,BlackRock Enhanced Global Di,BLACKROCK ENHANCED GL DVD T,Yes,BlackRock,@blackrock,90675
2/9/16,BlackRock Enhanced Global Di,BLACKROCK ENHANCED GL DVD T,Yes,BlackRock,@blackrock,90675
6/3/17,BlackRock Enhanced Internati,BLACKROCK ENHANCED INT DV T,Yes,BlackRock,@blackrock,91978
2/9/16,BlackRock Enhanced Internati,BLACKROCK ENHANCED INT DV T,Yes,BlackRock,@blackrock,91978
1/4/16,BlackRock Enhanced Internati,BLACKROCK ENHANCED INT DV T,Yes,BlackRock,@blackrock,91978
6/3/17,BlackRock Health Sciences Tr,BLACKROCK HEALTH SCIENCES T,Yes,BlackRock,@blackrock,90607
2/9/16,BlackRock Health Sciences Tr,BLACKROCK HEALTH SCIENCES T,Yes,BlackRock,@blackrock,90607
6/3/17,Blackrock Resources & Commod,BLACKROCK RESOURCES & CMD S,Yes,BlackRock,@blackrock,12593
2/9/16,Blackrock Resources & Commod,BLACKROCK RESOURCES & CMD S,Yes,BlackRock,@blackrock,12593
17/6/15,Block H&R Inc,BLOCK H & R INC,Yes,H&R Block,@HRBlock,49373
19/6/14,Block H&R Inc,BLOCK H & R INC,Yes,H&R Block,@HRBlock,49373
27/10/16,Blucora Inc,BLUCORA INC,Yes,Blucora,@Blucora,86544
23/5/16,Blue Bird Corp,BLUE BIRD CORP,Yes,Blue Bird Corp.,@BlueBirdBuses,14543
15/12/15,Blue Bird Corp,BLUE BIRD CORP,Yes,Blue Bird Corp.,@BlueBirdBuses,14543
19/6/15,Bob Evans Farms Inc.,BOB EVANS FARMS,Yes,Bob Evans Farm,@BobEvansFarms,18570
2/12/15,Bob Evans Farms Inc.,BOB EVANS FARMS,Yes,Bob Evans Farm,@BobEvansFarms,18570
3/12/14,Bob Evans Farms Inc.,BOB EVANS FARMS,Yes,Bob Evans Farm,@BobEvansFarms,18570
21/6/13,Bob Evans Farms Inc.,BOB EVANS FARMS,Yes,Bob Evans Farm,@BobEvansFarms,18570
1/5/13,Bob Evans Farms Inc.,BOB EVANS FARMS,Yes,Bob Evans Farm,@BobEvansFarms,18570
5/12/13,Bob Evans Farms Inc.,BOB EVANS FARMS,Yes,Bob Evans Farm,@BobEvansFarms,18570
17/3/14,Boingo Wireless Inc,BOINGO WIRELESS INC,Yes,Boingo Wireless,@boingo,12798
28/2/17,BOK Financial Corp,BOK FINANCIAL CORP,Yes,BOK Financial,@BOKFinancial,76892
29/5/15,Boot Barn Holdings Inc,BOOT BARN HOLDINGS INC,Yes,Boot Barn,@bootbarn,14953
9/5/14,Borderfree Inc,BORDERFREE INC,Yes,Shop Borderfree,@ShopBorderfree,14537
8/5/14,Bovie Medical Corp,BOVIE MEDICAL CORP,Yes,Bovie Medical,@BovieMed,89891
25/9/13,Bovie Medical Corp,BOVIE MEDICAL CORP,Yes,Bovie Medical,@BovieMed,89891
9/5/14,Boyd Gaming Corp,BOYD GAMING CORP,Yes,Boyd Gaming Corp,@boydgaming,79758
10/5/13,Boyd Gaming Corp,BOYD GAMING CORP,Yes,Boyd Gaming Corp,@boydgaming,79758
12/5/14,Bridgepoint Education Inc,BRIDGEPOINT EDUCATION INC,Yes,BridgepointEducation,@Bridgepoint_Ed,92902
10/5/13,Bridgepoint Education Inc,BRIDGEPOINT EDUCATION INC,Yes,BridgepointEducation,@Bridgepoint_Ed,92902
28/7/16,Brink's Co (The),BRINKS CO,Yes,Brink's,@Brinks,18649
28/2/14,BroadSoft Inc,BROADSOFT INC,Yes,"BroadSoft, Inc.",@BroadSoftNews,93428
6/2/14,Broadwind Energy Inc,BROADWIND ENERGY INC,Yes,Broadwind Energy,@Broadwind,92917
28/7/16,Brooks Automation Inc,BROOKS AUTOMATION INC,Yes,Brooks Automation,@BrooksGlobal,81241
10/11/16,Build-A-Bear Workshop Inc,BUILD-A-BEAR WORKSHOP INC,Yes,Build-A-Bear Worksho,@buildabear,90371
9/6/15,Burlington Stores Inc,BURLINGTON STORES INC,Yes,Burlington,@Burlington,14182
24/7/14,Cabot Microelectronics Corp,CABOT MICROELECTRONICS CORP,Yes,Cabot Micro,@CabotMicroCorp,88152
8/8/13,Cadiz Inc,CADIZ INC,Yes,Cadiz Inc.,@Cadiz_Inc,85570
17/3/14,Caesars Entertainment Corp,CAESARS ENTERTAINMENT CORP,Yes,Caesars Entertainmen,@CaesarsEnt,13267
2/5/17,CafePress Inc,CAFEPRESS INC,Yes,CafePress,@cafepress,13329
7/3/17,CafePress Inc,CAFEPRESS INC,Yes,CafePress,@cafepress,13329
31/3/15,CafePress Inc,CAFEPRESS INC,Yes,CafePress,@cafepress,13329
13/3/17,CAI International Inc,CAI INTERNATIONAL INC,Yes,CAI International,@caimoves,91979
30/12/15,Calavo Growers Inc,CALAVO GROWERS INC,Yes,Calavo Growers,@calavo,89447
15/1/15,Calavo Growers Inc,CALAVO GROWERS INC,Yes,Calavo Growers,@calavo,89447
15/9/14,Calavo Growers Inc,CALAVO GROWERS INC,Yes,Calavo Growers,@calavo,89447
7/11/13,Callidus Software Inc,CALLIDUS SOFTWARE INC,Yes,CallidusCloud,@CallidusCloud,89905
30/3/15,CardConnect Corp,CARDCONNECT CORP,Yes,CardConnect,@CardConnect,15292
9/3/17,Care.com Inc,CARE.COM INC,Yes,Care.com,@CareDotCom,14378
29/10/15,Care.com Inc,CARE.COM INC,Yes,Care.com,@CareDotCom,14378
27/3/15,Carnival Corp,CARNIVAL CORP/PLC (USA),Yes,Carnival Corporation,@CarnivalPLC,75154
7/5/15,Carpenter Technology Corp,CARPENTER TECHNOLOGY CORP,Yes,Carpenter Technology,@CarpenterTech,20618
2/5/14,Carpenter Technology Corp,CARPENTER TECHNOLOGY CORP,Yes,Carpenter Technology,@CarpenterTech,20618
23/10/14,Carter's Inc.,CARTER'S INC,Yes,Carter's,@Carters,89876
20/7/17,Carver Bancorp Inc.,CARVER BANCORP INC,Yes,Carver Bank,@CarverBankNYC,80960
17/2/17,Carver Bancorp Inc.,CARVER BANCORP INC,Yes,Carver Bank,@CarverBankNYC,80960
30/6/16,Carver Bancorp Inc.,CARVER BANCORP INC,Yes,Carver Bank,@CarverBankNYC,80960
24/11/14,Casey's General Stores Inc.,CASEYS GENERAL STORES INC,Yes,Casey's Gen Store,@caseysgenstore,21742
13/3/15,Cash America International I,CASH AMERICA INTL INC,Yes,Cash America,@cashamerica,75215
2/5/14,Cash America International I,CASH AMERICA INTL INC,Yes,Cash America,@cashamerica,75215
8/9/14,Catalent Inc,CATALENT INC,Yes,Catalent Pharma,@CatalentPharma,14763
1/8/14,Caterpillar Inc,CATERPILLAR INC,Yes,Caterpillar Inc.,@CaterpillarInc,18542
1/8/14,Caterpillar Inc,CATERPILLAR INC,Yes,Caterpillar Inc.,@CaterpillarInc,18542
2/5/13,Caterpillar Inc,CATERPILLAR INC,Yes,Caterpillar Inc.,@CaterpillarInc,18542
3/6/16,Cato Corp (The),CATO CORP  -CL A,Yes,Cato Fashions,@CatoFashions,11267
30/3/15,Cato Corp (The),CATO CORP  -CL A,Yes,Cato Fashions,@CatoFashions,11267
14/8/17,CDTi Advanced Materials Inc,CDTI ADVANCED MATERIALS INC,Yes,CDTi Advanced Materi,@CDTi_Emissions,82678
22/11/17,CEL-SCI Corp,CEL-SCI CORP,Yes,CEL-SCI Corporation,@CelSciCorp,44813
15/8/17,CEL-SCI Corp,CEL-SCI CORP,Yes,CEL-SCI Corporation,@CelSciCorp,44813
31/3/15,Celyad SA,CELYAD SA,Yes,Celyad,@CelyadSA,15419
11/10/16,Centrais Eletricas Brasileir,ELETROBRAS-CENTR ELETR BRAS,Yes,Eletrobras,@Eletrobras,92802
27/2/14,CenturyLink Inc,CENTURYLINK INC,Yes,CenturyLink,@CenturyLink,60599
29/7/16,Champions Oncology Inc,CHAMPIONS ONCOLOGY INC,Yes,Champions Oncology,@ChampsOnco,12146
3/11/15,Checkpoint Systems Inc,CHECKPOINT SYSTEMS INC,Yes,Checkpoint Systems,@CheckpointSys,22921
18/3/14,Checkpoint Systems Inc,CHECKPOINT SYSTEMS INC,Yes,Checkpoint Systems,@CheckpointSys,22921
12/3/14,Chefs' Warehouse Inc (The),CHEFS' WAREHOUSE INC,Yes,The Chefs' Warehouse,@WhereChefsShop,12913
5/6/15,Chemours Co (The),CHEMOURS CO,Yes,The Chemours Company,@chemours,15398
3/3/17,Chesapeake Energy Corp,CHESAPEAKE ENERGY CORP,Yes,Chesapeake Energy,@Chesapeake,78877
6/11/13,Chesapeake Energy Corp,CHESAPEAKE ENERGY CORP,Yes,Chesapeake Energy,@Chesapeake,78877
27/5/16,Chico's FAS Inc.,CHICOS FAS INC,Yes,Chico's¨,@Chicos,78963
18/3/13,Chiquita Brands Internationa,CHIQUITA BRANDS INTL INC,Yes,Chiquita,@Chiquita,89329
5/8/14,Choice Hotels International,CHOICE HOTELS INTL INC,Yes,Choice Hotels,@ChoiceHotels,85517
26/7/13,Choice Hotels International,CHOICE HOTELS INTL INC,Yes,Choice Hotels,@ChoiceHotels,85517
8/5/13,Choice Hotels International,CHOICE HOTELS INTL INC,Yes,Choice Hotels,@ChoiceHotels,85517
30/10/13,Chubb Ltd,CHUBB LTD,Yes,Chubb,@Chubb,79057
21/12/15,Ciena Corp,CIENA CORP,Yes,Ciena,@Ciena,84519
9/11/15,CIRCOR International Inc,CIRCOR INTL INC,Yes,CIRCOR,@CIRCORint,87268
29/7/15,CIRCOR International Inc,CIRCOR INTL INC,Yes,CIRCOR,@CIRCORint,87268
16/3/17,CIT Group Inc,CIT GROUP INC,Yes,CIT,@CITgroup,93150
9/8/16,CIT Group Inc,CIT GROUP INC,Yes,CIT,@CITgroup,93150
7/5/15,CIT Group Inc,CIT GROUP INC,Yes,CIT,@CITgroup,93150
13/11/15,CIT Group Inc,CIT GROUP INC,Yes,CIT,@CITgroup,93150
20/2/15,CIT Group Inc,CIT GROUP INC,Yes,CIT,@CITgroup,93150
9/5/14,CIT Group Inc,CIT GROUP INC,Yes,CIT,@CITgroup,93150
1/3/13,CIT Group Inc,CIT GROUP INC,Yes,CIT,@CITgroup,93150
6/11/13,CIT Group Inc,CIT GROUP INC,Yes,CIT,@CITgroup,93150
7/11/14,City National Corp,CITY NATIONAL CORP,Yes,City National,@CityNational,23916
2/3/15,Clean Harbors Inc,CLEAN HARBORS INC,Yes,Clean Harbors Inc.,@CleanHarbors,11809
1/2/13,CNO Financial Group Inc,CNO FINANCIAL GROUP INC,Yes,CNO Financial Group,@CNOFinancial,89841
14/3/13,Coca-Cola Bottling Co Consol,COCA-COLA BTLNG CONS,Yes,CocaColaConsolidated,@CokeCCBCC,11995
10/2/16,Coeur Mining Inc,COEUR MINING INC,Yes,Coeur Mining,@CoeurMining,24441
27/7/17,Columbia Property Trust Inc,COLUMBIA PROPERTY TRUST INC,Yes,Columbia Property Tr,@ColumbiaCXP,14184
27/4/16,Companhia Paranaense De Ener,COPEL-CIA PARANAENSE ENERGI,Yes,CopelAtendimento,@copel_pr,85237
29/9/14,Companhia Paranaense De Ener,COPEL-CIA PARANAENSE ENERGI,Yes,CopelAtendimento,@copel_pr,85237
29/2/16,comScore Inc,COMSCORE INC,Yes,comScore APAC,@comScoreAPAC,92102
20/2/13,comScore Inc,COMSCORE INC,Yes,comScore APAC,@comScoreAPAC,92102
29/12/14,Conagra Brands Inc,CONAGRA BRANDS INC,Yes,Conagra Brands,@ConagraBrands,56274
6/2/14,Concur Technologies Inc,CONCUR TECHNOLOGIES INC,Yes,SAP Concur,@SAPConcur,86525
12/5/17,Conduent Inc,CONDUENT INC,Yes,Conduent,@Conduent,16497
10/3/17,Conduent Inc,CONDUENT INC,Yes,Conduent,@Conduent,16497
11/8/16,Conformis Inc,CONFORMIS INC,Yes,Conformis,@conformis,15496
11/1/13,ConnectOne Bancorp Inc,CONNECTONE BANCORP INC -OLD,Yes,ConnectOne Bank,@ConnectOneBank,13791
1/4/15,Conn's Inc,CONN'S INC,Yes,Conn's HomePlus,@ConnsInc,89908
3/5/16,Conocophillips,CONOCOPHILLIPS,Yes,ConocoPhillips,@conocophillips,13928
30/1/14,Constant Contact Inc,CONSTANT CONTACT INC,Yes,Constant Contact,@ConstantContact,92302
31/7/15,Control4 Corp,CONTROL4 CORP,Yes,Control4,@Control4,14095
5/11/14,Convergys Corp,CONVERGYS CORP,Yes,Convergys,@convergys,86305
7/11/16,Core Mark Holding Co Inc,CORE MARK HOLDING CO INC,Yes,Core Mark HQ,@CoreMarkHQ,91018
27/2/14,CoreLogic Inc,CORELOGIC INC,Yes,CoreLogic,@CoreLogicInc,35124
25/2/13,CoreLogic Inc,CORELOGIC INC,Yes,CoreLogic,@CoreLogicInc,35124
12/2/16,Corning Inc,CORNING INC,Yes,Corning Incorporated,@Corning,22293
13/2/15,Corning Inc,CORNING INC,Yes,Corning Incorporated,@Corning,22293
13/2/13,Corning Inc,CORNING INC,Yes,Corning Incorporated,@Corning,22293
12/2/13,Corporate Office Properties,CORPORATE OFFICE PROPERT,Yes,COPT,@COPTOnline,77239
26/4/17,Cosan Ltd,COSAN LTD,Yes,Cosan,@CosanBrasil,92259
30/4/15,Cosan Ltd,COSAN LTD,Yes,Cosan,@CosanBrasil,92259
30/4/14,Cosan Ltd,COSAN LTD,Yes,Cosan,@CosanBrasil,92259
4/9/15,Cosi Inc,COSI INC,Yes,Cos,@get_cosi,89567
2/3/15,Covanta Holding Corp,COVANTA HOLDING CORP,Yes,Covanta (CVA),@Covanta,76515
4/4/14,CPFL Energia SA,CPFL ENERGIA SA,Yes,CPFL Energia,@cpflenergia,90338